,work,year,title,publisher,description
0,A1,1953,Junkie,New York: Ace Books,"Junkie.  A. . New York: Ace Books, 1953. Softbound (no hardbound issued).   {M&M A1a}  Published under the pseudonym William Lee.  Title on cover: Junkie: Confessions of an Unredeemed Drug Addict.  Issued bound back-to-Narcotic Agent.   notes] to indicate where the author clearly departs from accepted medical fact or makes other statements in   , , Junk  edition of 1977 [below], despite which there are many differences, some important, bBooksellers note laid in to  B. Junkie: Confessions of an Unredeemed Drug Addict. London: Digit Books, [1957?]. Softbound (no hardbound issued). {M&M A1b}  Published under the pseudonym William Lee.  First standalone publication of Junkie.  Subsequently withdrawn and remaining copies pulped. [Miles]  C. Junkie. Foreword by Carl Solomon. (Ace Star, K202) New York: Ace Books, [1964], ©1953. Softbound (no hardbound issued). {M&M A1c}  1st separate U.S. publication, and 1st   1st state: .50¢ cover price; 2nd state: (Ace Star, 41841) and .60¢ cover price. [BeatBooks 51]    Reprinted in 1970 and 1973 (the latter with a different cover). [M&M] D. . (The Olympia Press Travellers Companion Series, No. 114) London: New English Library, 1966, ©1953. Softbound (no hardbound issued). {M&M A1d}  Issued in clear tissue jacket. [PBA 327]  In this edition, otes, originally printed in the text (see A1A above), are printed in a separate section at the endout of context and preceding the newly added .  Reprinted in 1969 and 1972 with different covers. [M&M] E. . Foreword by Carl Solomon. Preface by Burroughs. London: David Bruce & Watson, 1973. Hardbound in dustjacket. {M&M A1e}    -language edition in hardcover F. Junky. With an introduction by Allen Ginsberg. 1st complete and unexpurgated ed. Harmondworth, England; New York: Penguin Books, 1977. Softbound.  Later 1977 printing with different cover design. [Shoaf 1]  G. . London: Penguin-UK, 1999.  H. . Introduction by Will Self. London: Penguin, 2002.  Softbound.   3  I.  Edited and with an Introduction by Oliver Harris.  50th Anniversary ed. New York: Penguin, 2003. Softbound.   Junky approximately the same amount of new material (around four thousand words) as Junky added to Junkie, but Introduction. J. . Edited and with an Introduction by Oliver Harris. New York: Grove Press/Atlantic Monthly, 2012. Softbound. K. . Edited and with an Introduction by Oliver Harris. London: Penguin, 2012. Softbound.  1 9 5 9"
1,A2,1959,Naked Lunch,The Travellers Companion Series,"Naked Lunch.  A. The Naked Lunch. (The Travellers Companion Series, No. 76) Paris: Olympia Press, 1959. Softbound in dustjacket (no hardbound issued). {M&M A2a}   Dustjacket designed by Burroughs.   First copies printed issued without dustjacket. [M&M]  1st   1st cover.  2nd cover, following the revaluation of the franc in January 1960.  2nd dustjacket or decorative border around title page, and with price ( francs) printed on back cover.   3rd printing (1965) issued without dustjacket or decorative border around title pagehcover. B. Naked Lunch. New York: Grove Press, [1962], ©1959. Hardbound in dustjacket.  {M&M A2b}     Includes[originally published in Evergreen Review, Vol. 4, No. 11 (JanuaryFebruary 1960); see Section C below] and, at end as    [originally published in The British Journal of Addiction, Vol. 53, No. 2 (January 1957); see Section C below].   Some copies issued in wraparound band. [M&M]   issue jacket [printed] with no zip code on rear panel and no roman [sic] numerals on lower spine near  [PBA 327]   2nd printing: dustjacket identical to 1st  1]  3rd7th printings: lower-case Roman numeral printing enumeration on rear panel of dustjacket. [Shoaf 1]   8th15th printings: lower-case Roman numeral printing enumeration on rear panel of dustjacket, Grove Press catalog number [GP 244] at bottom of spine, Zip code in ddress. [Shoaf 1] 1. [Prospectus]. New York: Grove Press, [1962]. Pamphlet. {M&M F7}   Contains reviews of and an excerpt from Naked Lunch. Reviews and comments by: Terry Southern, E. S. Seldon, John Ciardi, Norman Mailer, Robert Lowell, and Jack Kerouac.  Limited to 100 copies. [PBA 198]  C. . New York: Grove Press, [n.d.] Hardbound in dustjacket.   thinner as well, but having the same dust jacket design, printed on cheap paper, some copies with Taiwan  1]  D. The Naked Lunch. London: John Calder, 1964, ©1959. Hardbound in dustjacket.  {M&M A2c}   Cover photo of Burroughs by Ian Sommerville.  Reprinted 1965 (3 times: February, March, August), 1966, and 1970.   4  E. Naked Lunch. 1st Evergreen Black Cat ed. (An Evergreen Black Cat Book, BC-115) New York: Grove Press, 1966, ©1959. Softbound (no hardbound issued). {M&M A2d}  Includes, at beginning, Naked Lunch on Trial: The Massachusetts Supreme Court Decision and Excerpts  Naked Lunch[originally published in Evergreen Review, Vol. 9, No. 36 (June 1965); see Section C below]) Deposition: Testimony Concerning  [originally published in Evergreen Review, Vol. 4, No. 11 (JanuaryFebruary 1960); see Section C below], and, [originally published in The British Journal of Addiction, Vol. 53, No. 2 (January 1957); see Section C below].  Reprinted several (17?) times. F. The Naked Lunch. London: Corgi Books, 1968, ©1959. Softbound (no hardbound issued).  {M&M A2e}  Reprinted in 1969, 1972, and 1974 (with different cover). G. Naked Lunch. Secaucus, N.J.: Castle Books, [1973?]. Hardbound in dustjacket, and softbound.  {M&M A2f} H. . New York: Ballantine Books, 1973. Softbound (no hardbound issued).   {M&M A2g} I. The Naked Lunch. With a Foreword by John Calder. (A Calderbook, CB 380) London: John Calder, 1982. Softbound (no hardbound issued).   [originally printed in the Times Literary Supplement No. 3,230 (23 January 1964); see Section C below]Cover. J. Naked Lunch. With an introduction by Jennie Skerl. 25th Anniversary ed. New York: Grove Press, 1984, ©1959. Hardbound in dustjacket.  Includes 500 numbered, signed copies issued without dustjacket in slipcase. K. The Naked Lunch. London: Paladin/Grafton Books, 1986, ©1982. Softbound.  Reprinted in 1990 and 1992 (with different cover and titled: Naked Lunch). L. Naked Lunch. New York: Grove Press, 1990. Softbound (no hardbound issued). M. . 1st Evergreen ed. New York: Grove Press, 1992, ©1990. Softbound (no hardbound issued).  Includesion: Testimony Concerning a Sicknesspublished in Evergreen Review, Vol. 4, No. 11 (JanuaryFebruary 1960); see Section C below] and  (October 1991); andAddict t [originally published in The British Journal of Addiction, Vol. 53, No. 2 (January 1957); see Section C below].  Reprinted several times, including in 2000 with an Introduction by Terry Southern. N. . Introduction by J.G. Ballard. London: Flamingo, 1993. Softbound. O. . London: Flamingo, 2001. Softbound.  Printed separately and as part of nine-volume box set titled The Swinging Sixties.  P. Naked Lunch: The Restored Text. Edited by James Grauerholz and Barry Miles. 1st ed.  New York: Grove Press, [2003?], ©2001. Hardbound in dustjacket, and softbound.  s numerous textual errors own notes on the text, all the accompanying essays that he added to later editions [i.e., to editions later than the appendix of abundant, newly discovered material and alternate drafts from the original manuscript Dustjacket. Q. .  Edited by James Grauerholz and Barry Miles. With an Introduction by John Walsh. (Banned Books; 14) London: Paperview/Harper Perennial, [n.d. (2007?)].  Includes the accompanying essays that Burroughs added to later editions, but omits the editors' note and the newly discovered material and outtakes which appear in the edition above. [BeatBooks 59]    5  R. . Edited by James Grauerholz and Barry Miles. Afterword by David L. Ulin.  50th Anniversary ed. New York: Grove Press, [2009], ©2001. Hardbound, issued without dustjacket .  Cover emulates colors and design of 1st edition, 1st printing dustjacket; slipcase emulates color of 1st edition cover.   1 9 6 0"
2,A3,1960,The Exterminator,San Francisco: Auerhahn Press,"The Exterminator. With Brion Gysin. A. San Francisco: Auerhahn Press, 1960. Softbound (no hardbound issued). {M&M A4a}  esigned and printed by Dave L. Haselwood Colophon.  Cover calligraphy by Brion Gysin. B. 2nd ed. San Francisco: Dave Haselwood Books, 1967, ©1960; distributed by City Lights Books. Softbound (no hardbound issued). {M&M A4b}  New cover design, with calligraphy by Brion Gysin."
3,A4,1960,Minutes To Go,"With Sinclair Beiles, Gregory Corso","Minutes To Go. With Sinclair Beiles, Gregory Corso, and Brion Gysin. A. [Paris]: Two Cities Editions, [1960]. Softbound (no hardbound issued). {M&M A3a}  -  e wraparound band  [M&M]   Includes 10 numbered copies (of which only 5 were offered for sale), signed by the publisher and including  [Shoaf 1]  B. 1st American ed. San Francisco: Beach Books, Texts, & Documents, 1968; distributed by City Lights Books. Softbound (no hardbound issued). {M&M A3b}  1 9 6 1"
4,A5,1961,The Soft Machine,The Travellers Companion Series,"The Soft Machine.  A. . (The Travellers Companion Series, No. 88) Paris: The Olympia Press, 1961. Softbound in dustjacket (no hardbound issued). {M&M A5a}   First version.  Dustjacket reproduces calligraphic drawing by Brion Gysin.   All copies of the book were issued exactly the same. Some copies, however (so-(or added on sticker) on back cover at a later date. B. . New York: Grove Press, 1966. Hardbound in dustjacket (no softbound issued). {M&M A5b}  Second versionthat [BeatBooks 48]    [Press] [Am Here 3]  2nd printing, 1966. [BeatBooks 36]    C. . 1st Evergreen Black Cat ed. (An Evergreen Black Cat Book, BC-131) New York: Grove Press, 1967, ©1966. Softbound (no hardbound issued). {M&M A5c} D. The Soft Machine: A Novel. Rev. ed. London: Calder and Boyars, 1968. Hardbound in dustjacket, and softbound. {M&M A5d and A5e}  Third version: s final, definitive edition has been considerably revised by the author from the two Dustjacket (rear). E. The Soft Machine. London: Corgi Books, 1970. Softbound (no hardbound issued).  {M&M A5f}  Reissued in 1974 with different cover. F. . New York: Ballantine Books, 1973. Softbound (no hardbound issued).  {M&M A5g} 6  G. . London: Paladin/Grafton Books, 1986. Softbound. H. . (A Flamingo Modern Classic) London: Flamingo, 1992. Softbound. Reissued in 2001 with different cover. I. . 1st Evergreen ed. New York: Grove Press, 1992, ©1966. Softbound  (no hardbound issued). J. London: Flamingo, 2001. Softbound. K. The Soft Machine: The Restored Text. Edited and with an Introduction by Oliver Harris. New York: Grove Press, 2014. Softbound (no hardbound issued).     -Spine.  fourth [sic] edition includes everything published in the second editin the most visible change, this new editon also restores how material from the first edition appeared by putting back a Introduction.   1 9 6 2"
5,A6,1962,The Ticket That Exploded,The Travellers Companion Series,"The Ticket That Exploded. A. (The Travellers Companion Series, No. 91) Paris: Olympia Press, 1962. Softbound with dustjacket (no hardbound issued). {M&M A6a}  First version.  Dustjacket photo-collage by Ian Sommerville.  with Michael [p. 4]      B. New York: Grove Press, 1967. Hardbound in dustjacket (no softbound issued).  {M&M A6b}  Second versiona rearrangement of the Olympia Press text, with additions and expansionsInvisible Generation.    C. (An Evergreen Black Cat Book, B-164) New York: Grove Press, 1968. Softbound  (no hardbound issued). {M&M A6c}   D. London: Calder and Boyars, 1968. Hardbound in dustjacket, and softbound.  {M&M A6d&e} E. London: Corgi Books, 1971. Softbound (no hardbound issued). {M&M A6f} F. 2nd ed. London: Calder, 1985. Softbound.  Includes Preface by John Calder. G. 1st Evergreen ed. New York: Grove Press, 1987, ©1967. Softbound  (no hardbound issued). H. London: Paladin Books, 1987. Softbound. I. New York: Grove Weidenfeld, 1992. Softbound.  J. London: Flamingo, 2001. Softbound. K. The Ticket That Exploded: The Restored Text. Edited and with an Introduction by Oliver Harris. New York: Grove Press, 2014. Softbound (no hardbound issued).   nd   -Spine.  [sic] essay as an appendix of historical interest (key passages are referenced in the Notes; the full text is available elsewhere) and Introduction.     7  1 9 6 3"
6,A7,1963,Dead Fingers Talk,London: John Calder in association with Olympia Press,"Dead Fingers Talk.  A. London: John Calder in association with Olympia Press, 1963. Hardbound in dustjacket (no softbound issued). {M&M A7a}   Dead Fingers Talk is not a book of selections but a new novel constructed out of these three earlier books [The Naked Lunch, The Soft Machine, and The Ticket That ExplodedDustjacket.   -[BeatBooks 51]  B. London: Tandem Books, 1966. Softbound (no hardbound issued).   {M&M A7b&c}  A Tandem Book,   Reprinted (by Universal-Tandem) in 1970 with different cover. [M&M]  C. (A Star Book) London: W. H. Allen, 1977. Softbound (no hardbound issued)."
7,A8,1963,The Yage Letters,San Francisco: City Lights Books,"The Yage Letters. With Allen Ginsberg. A. .San Francisco: City Lights Books, 1963. Softbound (no hardbound issued).  {M&M A8a}  An epistolary novel.  [originally] published in Big Table [No. 2 (Summer 1959)] and [No. 3 (1961)]. The] Floating Bear No. 5 [(1961)City Lights Journal No. 1 [(1963)T.p. verso. (See Section C below)    2nd printing, 1965.   3rd printing, 1966. B. . 2nd ed. San Francisco: City Lights Books, 1975, ©1963. Softbound (no hardbound issued).  Expanded to include an additional letter, dated 10 July 1953, originally published in Black Mountain Review No. 7 (Autumn 1957). [See Section C below] C. . 3rd ed. San Francisco: City Lights Books, 1988. Softbound  (no hardbound issued).   After Inauguration,The Floating Bear, No. 9 (1961). [See Section C below] D. . 4th [sic] ed.  San Francisco: City Lights Books, 1990, ©1975. Softbound  (no hardbound issued).    This actually appears to be a new printing of the 3rd ed., above.  E. The Yage Letters Redux. Edited and with an Introduction by Oliver Harris. 4th ed.  San Francisco: City Lights Books, 2006. Softbound (no hardbound issued).  Expanded to include extensive Introduction, Appendices, and Notes.  Redux makes a large number of changes and correctionsaround 250pp. xlvii-xlviii.  1 9 6 4"
8,A9,1964,The Coldspring News,"Flint, Michigan]: Fenian Head Centre Press","The Coldspring News. [Flint, Michigan]: Fenian Head Centre Press, 1964. Broadside.   sued simultaneously bound in [or tipped in] to The Spero, Vol. 1, No. 1 [(1965); See Section C below], and in   Two printings [or states?]: one with copyright statement and date, one without."
9,A10,1964,Nova Express,New York: Grove Press,"Nova Express.  A. New York: Grove Press, 1964. Hardbound in dustjacket (no softbound issued).  {M&M A10a} 8  B. 1st Evergreen Black Cat ed. (An Evergreen Black Cat Book, BC-102) New York: Grove Press, 1965. Softbound (no hardbound issued). {M&M A10b} C. London: Jonathan Cape, 1966, ©1964. Hardbound in dustjacket (no softbound issued). {M&M A10c}  D. (Panther Science Fiction) London: Panther Books/Granada Publishing, 1968. Softbound (no hardbound issued). {M&M A10df}  Reprinted in 1969 and 1972 with different covers (per M&M), in 1978, and in 1982 (per Shoaf 1).  1978 printing: title misspelled as Nova Expresss on title page. E. 1st Evergreen ed. New York: Grove Press, 1992. F. Nova Express: The Restored Text. Edited and with an Introduction by Oliver Harris. New York: Grove Press, 2014, ©2013. Softbound (no hardbound issued).    -Spine.  his occasional use of double colons) and are conventionally based (i.e., supported by multiple manuscript witnesses). The notes detail key changes, comment on apparent errors and twilight zone cases and introduce the richest possible selection of archival Introduction."
10,A11,1964,Tangier: Ira Cohen,Tangier: Ira Cohen,"Tangier: Ira Cohen, 1964. Softbound (no hardbound issued).  Title from cover.   Gnaoua from 1964 Section C below]Jed Birmingham in Reality Studio, http://realitystudio.org/bibliographic-bunker/pry-yourself-loose-and-listen/ (accessed 24 Sept 2015)."
11,A12,1964,Roosevelt After Inauguration,New York: Fuck You Press,"Roosevelt After Inauguration. New York: Fuck You Press, 1964. Staplebound mimeograph  (no hardbound issued). {M&M A9a}  Covers by Allen Ginsberg.   Published under the pseudonym Willy Lee.  First separate publication of material suppressed from The Yage Letters and originally published in  The Floating Bear, No. 9 (1961). [See Section C below]  Limited to 500 copies. [PBA, 233]   ... released ...  [Shoaf 1]   1 9 6 5"
12,A13,1965,Health Bulletin: APO-33,33,"Health Bulletin: APO-33, A Metabolic Regulator. A Report on the Synthesis of the Apomorphine Formula.  A. . (Burroughs Monograph, 1) New York: Fuck You Press, 1965. Staplebound.  {M&M A12a}   [Red House 4]  lisher Ed Sanders claimed], far fewer have been [Skyline]   - B. APO-33 Bulletin: A Metabolic Regulator. Collection compiled by Mary Beach and Claude Pélieu. [San Francisco]: Beach Books, Texts, & Documents, [1966?]; distributed by City Lights. Staplebound (no hardbound issued). {M&M A12b}     Health Bulletin: APO-33,  A Metabolic Regulator: A Report on the Synthesis of the Apomorphine Formula, above.  -  Reprinted, 1967.   9  C. . [San Francisco]: Beach Books, Texts, & Documents, 1968; distributed by City Lights. Staplebound (no hardbound issued). {M&M A12c}"
13,A14,1965,The Invisible Generation,London,"The Invisible Generation. London, 1965. Folio broadside.  ... printed in silver ink. Only 80 copies were producedless [sic]"
14,A15,1965,Time,Hardbound,"Time.  A. 1965. Hardbound, and softbound. {M&M A11a}  Cover by Burroughs.  ... first printing appears in 4 editions: 4 copies hors commerce; 10 copies numbered [sic] A-J, hardbound, each containing an original [signed] manuscript page by Burroughs and an original [signed] drawing by Gysin, signed by both; 100 numbered and signed [by both] T.p.   Time magazine, with the title  was apparently chosen by Burroughs for parody because that issue includes a savage review of Naked Lunch, as well as  1] B. Sussex, England: Urgency Press Rip-Off, [1972?]. Staplebound (no hardbound issued).  {M&M A11b}  ... bought [sic] for you ... using anarchist duplicator ... 5 runs of 99 copies each ...Cover verso.   Legal-size mimeographed sheets, stapled. An admitted piracy, by Roy Pennington,   [M&M]   s of the first edition, though in slightly different order,  [BeatBooks 51]     [Shoaf 1]"
15,A16,1965,Valentines Day Reading,New York: American Theatre for Poets,"Valentines Day Reading. New York: American Theatre for Poets, 1965. Staplebound. {M&M F12}  presented by the American Theatre for Poets on February 14, 1965, at the East End Theatre in New York.  Unnumbered page ... (William Burroughs, Editor) ... On the Back Porch of His   1 9 6 7"
16,A17,1967,So Who Owns Death TV?  With Claude P,"San Francisco: Beach Books, Texts","So Who Owns Death TV?  With Claude Pélieu and Carl Weissner. A. (A Black Bag Pamphlet) San Francisco: Beach Books, Texts, & Documents, 1967; distributed by City Lights Books. Staplebound (no hardbound issued). {M&M A13a}  Two printings:   one printed in black ink on white paper, with cover printed in black and red ink on white paper  (50¢ price);  one printed in silver ink on black paper, including cover (no price). B. [2nd expanded ed.] (A Black Bag Pamphlet) San Francisco: Beach Books, Texts, & Documents, 1967. Staplebound (no hardbound issued). {M&M A13b}   Includes photo of Claude Pélieu, two photo-collages by JeanJacques Lebel, and an illustration by Liam O.  Printed in black ink on white paper, with cover printed in black and red ink on white paper (75¢ price). C. Birmingham, England: TOPY Heart, [n.d.]. Softbound.  Pirate edition, printed in black ink on white paper only and lacking the photo of Claude Pélieu from the original [i.e., 2nd expanded] ed. [BeatBooks 42]   10"
17,A18,1967,William Burroughs,"William Burroughs, Claude Pélieu","William Burroughs, Claude Pélieu, Bob Kaufman. In French. Translation of Burroughs and Kaufman texts by Mary Beach and Claude Pélieu. A. (, No. Vivants 1: Etats-Unis) Paris: Éditions de LHerne, 1967. Softbound (no hardbound issued). {M&M D11}  Includes 55 copieswith uncut signaturesnumbered 140 and lettered AO with lithograph by Jean Hélion.  cover title: .  Includes the first French translation of Nova Express and two previously unpublished letters from Burroughs to Pélieu. [Jordan Davies]   No equivalent U.S. or U.K. edition. B. Paris:   1 9 6 8"
18,A19,1968,Scientology Revisited,ormation contact Scientology East,"Scientology Revisited.  A. [N.p., 1968?]. Staplebound pamphlet.  Four-color glossy wraps; 2 staples.  Naked Lunchcover.  Mayfair magazine [Vol. 3, No. 1 (January 1968); See Section C below] as a free public Inside back cover.  ormation contact Scientology East, 122 76th Back cover. B. [N.p., 1969?]. Staplebound pamphlet.  B&W matte wraps; 1 staple.  Nova Express, The Soft Machinecover.  Mayfair magazine [Vol. 3, No. 1 (January 1968); See Section C below] as a free public Back cover.  Text substantially altered from 1968 version, above.   1 9 6 9"
19,A20,1969,Apomorphine,Paris: Editions LHerne,"Apomorphine. In French; Translated by Mary Beach and Claude Pélieu. (Les Livres Noirs) Paris: Editions LHerne, 1969. Softbound (no hardbound issued). {M&M D14}   Chappaqua  No equivalent U.S. or U.K. edition."
20,A21,1969,The Dead Star,Nova Broadcast,"The Dead Star. (Nova Broadcast, No. 5) San Francisco: Nova Broadcast Press, 1969; distributed by City Lights Books. Staplebound (no hardbound issued). {M&M A14a}  Pamphlet with long folding broadside tipped in.   First standalone publication of piece that originally appeared in a different form in , No. 13  (August 1965). [See Section C below]   Vof text. [Atticus]  1 9 7 0"
21,A22,1970,The Last Words of Dutch Schultz,London: Cape Goliard Press,"The Last Words of Dutch Schultz.  A. . 1st ed.  London: Cape Goliard Press, 1970.  Hardbound in dustjacket, and softbound. {M&M 17a&b}  Hardbound printing includes 100 numbered copies signed by Burroughs, in unprinted glassine dustjacket.     11  B. The Last Words of Dutch Schultz: A Fiction in the Form of a Film Script. New York: Viking Press, 1975. Hardbound in dustjacket.   T.p.   and more exacting film  C. . 1st paperbound ed. New York: Seaver Books, 1981, ©1975; distributed by Grove Press. Softbound.  D. . London: John Calder, 1986. Softbound. E. . 1st Arcade paperback ed. New York: Arcade, 1993, ©1975. Softbound.  1 9 7 1"
22,A23,1971,Alis Smile,"Brighton, England: Unicorn Books","Alis Smile.  A. Brighton, England: Unicorn Books, 1971. Hardbound, issued without dustjacket in Side A, white; Side B, black;  matrix number: UB LP 1 A S/S].  {M&M A19a}  A section of the novel Exterminator!, below.  L... numbers 1 to 99 are hors commerce  Side A of record features Burroughs reading second draft of text.  , so not all copies of  [Skyline]    [Shoaf 1 (quoting the publisher)]  B. (e.m.e., 12) In English and German; German translation by Carl Weissner. 1st ed. Göttingen: Expanded Media Editions, 1973. Softbound (no hardbound issued).  Includes 100 numbered copies signed by Burroughs.   Printed in green on ochre paper, on recto only."
23,A24,1970,Electronic Revolution 197071,Collection OU,"Electronic Revolution 197071.  A. . In English and French; French translation by Jean Chopin. cover: original drawings by Brion Gysin. Lay-Out: Henri Chopin. (Collection OU, No. 2) Cambridge: Printed at the Blackmoor Head Press, 1971. Softbound (no hardbound issued).  {M&M A21a}  501 lettered/numbered copies:   manuscripts and two silkscreens signed by Brion Gysin;   50 signed by Burroughs, on Hayle paper, numbered 150, issued loose in cardboard folder along with label;  450 softbound and numbered 51500.  At least one unnumbered copy is known to exist. 1. [Prospectus]. In English and French. Ingatestone, Essex: Ofolded once.   B. Die elektronische Revolution = Electronic Revolution. In German and English. German translation by Carl Weissner. (e.m.e.; 1) Göttingen: Expanded Media Editions, 1972. Softbound in dustjacket (no hardbound issued).   Limited to 900 trade edition copies, plus 100 numbered and signed copies.  NOTE: Berg collection at NYPL holds one unnumbered, signed copy. 1. [Prospectus]. Göttingen: Expanded Media Editions, 1972. Pamphlet, folded in thirds.  Features a photograph of Burroughs, and German and English description of, and quote from, the title.  12  C. . In German and English. German translation by Carl Weissner. 2nd ed., exp. [Bonn]: Expanded Media Editions, 1976. Softbound (no hardbound issued).     German and English text bound tête-bêche. D. . In German and English. German translation by Carl Weissner. 3rd ed., exp. [Bonn]: Expanded Media Editions, 1982. Softbound.    German and English text bound tête-bêche. E. . In German and English. 5th ed. Bonn: Expanded Media Editions, 1991. Softbound.   German and English text bound tête-bêche. F. . In German and English. 8th ed. Bonn: Expanded Media Editions, 1994, ©1976. Softbound (no hardbound issued).   German and English text bound tête-bêche. G. . In German and English. 9th ed. Bonn: Expanded Media Editions, 1996. Softbound.   German and English text bound tête-bêche. H. . In German and English. 10th ed. Bonn: Expanded Media Editions, 1998. Softbound.   German and English text bound tête-bêche. I. . In German and English. 11th ed. Bonn: Expanded Media Editions, 2000. Softbound.   German and English text bound tête-bêche."
24,A25,1971,Jack Kerouac,ParisHerne,"Jack Kerouac. With Claude Pélieu. In French. (Les Livres Noirs) [ParisHerne, 1971. Softbound (no hardbound issued). {M&M A18a}  A memorial to Kerouac, with interviews, poems, and prose by Kerouac, Burroughs, Ginsberg, Alfred Aranowitz, and Pélieu.  Le Nouvel Observateur, No. 260  (39 November 1969). [See Section C below]  No equivalent English-language edition."
25,A26,1971,The Wild Boys: A Book of the Dead,New York: Grove Press,"The Wild Boys: A Book of the Dead. A. New York: Grove Press, 1971. Hardbound in dustjacket. {M&M A20a} B. London: Calder & Boyars, 1972, ©1971. Hardbound in dustjacket, and softbound.   {M&M A20b&c} C. New York: Grove Press, 1972. Softbound (no hardbound issued). {M&M A20d}  Later printings of this edition had the Grove Press/Evergreen Black Cat publishers design and number (B-370) ... D. [London]: Corgi Books, 1973.  Softbound (no hardbound issued). {M&M A20e}   E. (A Calderbook, CB 258) London: John Calder, 1982. Softbound. F. 1st Evergreen ed. New York: Grove Press, 1992, ©1971. Softbound.  1 9 7 3"
26,A27,1973,Exterminator,New York: Viking Press,"Exterminator! A Novel.  A. . New York: Viking Press, 1973. Hardbound in dustjacket (no softbound issued).  {M&M A23a}   publications: Antaeus, Atlantic Monthly, Cavalier, Daily Telegraph (London), Esquire, Evergreen Review, The Expatriate Review, Mayfair, Rolling Stone, [and] The Village VoiceT.p. verso.  13  B. . (A Calderbook; CB 294) London: Calder and Boyars, 1974. Hardbound in dustjacket, and softbound. C. . Viking Compass ed. (A Viking Compass Book; C 575) New York: Viking Press, 1974. Softbound. D. Exterminator!  London: Corgi Books, 1976. Softbound (no hardbound issued). E. . New York: Penguin Books, 1979, ©1973. Softbound.  Reprinted 1981, 1985 (different cover). F. . 2nd ed. London: Calder and Boyars, 1984. Softbound (no hardbound issued)."
27,A28,1973,Mayfair Acadamy ,Brighton,"Mayfair Acadamy [sic] Series <More or Less>. Brighton, England: Urgency Press Rip-Off, [1973?]. Staplebound (no hardbound issued). {M&M A25a}   Collects ten  ... written as part of a series entitled The Burroughs Acadamy [sic] for the magazine Mayfair, along with articles [by Burroughsp. 2. [See Section C below]  Limited to 650 copies printed on different colored papers."
28,A29,1973,Port of Saints,"Ollon, Switzerland: Am Here Books","Port of Saints.  A. Limited 1st ed. London: Covent Garden Press Limited; Ollon, Switzerland: Am Here Books, 1973 [i.e., 1975]. Hardbound in dustjacket.   Limited to 200 copies, including 100 numbered copies signed by Burroughs and issued in publisher's slipcase.  -working of Wild Boys  [Miles]  B. 1st [American] ed. Berkeley, Calif.: Blue Wind Press, 1980. Hardbound in dustjacket, and softbound.  Lacks the illustrations in Covent Garden/Am Here ed., above.  ... T.p. verso.   Hardbound ed. includes 200 numbered copies signed by Burroughs and issued in publishers slipcase.    dustjackets with the upper left-hand corner clipped off since the printed price was correct only for the hardbound trade edition and incorrect for the limited edition. They were clipped and sold at  [Shoaf (eBay listing)]   cover sold out, they were getting ready to do the fourth printing of the softcover.  So the second printing of the hardcover printcover was still available from the publisher hoaf 1] C. London: John Calder, 1983, ©1980. Hardbound in dustjacket, and softbound."
29,A30,1973,White Subway,Aloes Books],"White Subway. London: Aloes seolA [i.e., Aloes Books], 1973. Softbound (no hardbound issued). {M&M A24a}   First printing limited to 1,000 copies, including 25 numbered copies signed by Burroughs.   Second printing (also 1973) limited to 500 copies, with silver-gray covers. Per BeatBooks 42, includes variant issue, omitting title and author on upper wrapper and printing statement on lower wrapper.  Third printing: [1974?]    14  1 9 7 4"
30,A31,1974,The Book of Breething ,"In English, French","The Book of Breething [= Le Livre des Respirations = Het Boek der Ademhalingen].  A. . Drawings by Bob Gale. In English, French, and Dutch; French translation by Jean Chopin; Dutch translation by Jo Verbrugghen. Ingatestone, Essex, England: OU-Editions, 1974. Softbound (no hardbound issued).  Limited to 400 copies, of which the colophon describes 50 copies as being numbered I through L in 350. Per BeatBooks 36, none of the latter 350 copies were actually numbered and, per an eBay listing posted by Red Snapper Books (London),  B. The Book of Breeething. Illustrations by Robert F. Gale. 1st dustjacket), and softbound.  Hardbound ed. limited to 250 copies.  C. . 2nd [American] ed. Berkeley, Calif.: Blue Wind Press, 1980. Hardbound (issued without dustjacket), and softbound.  Hardbound ed. includes 175 numbered copies signed by Burroughs.  1 9 7 5"
31,A32,1975,Snack ,London: Aloes Books,"Snack ... With Eric Mottram. London: Aloes Books, 1975. Staplebound  (no hardbound issued).  Title on cover: Snack ...: Two Tape Transcripts.  Contains the transcript of a radio broadcast made in 1964 by Mottram, including passages of Burroughs reading from his work, and the transcript of a conversation in 1973 between Burroughs, Mottram, Jim Pennington [the publisher], and Graham Dawes.   this transcript [the first] appeared in Les Langues Modernes, Paris, 1965, with an introduction by Pierre p. 2."
32,A33,1975,Verdelgen,Holland]: Agathon,"Verdelgen. [Holland]: Agathon, 1975. Softbound.  -language equivalen [Skyline]   1 9 7 6"
33,A34,1976,Cobble Stone Gardens,Cherry Valley,"Cobble Stone Gardens. 1st ed. Cherry Valley, N.Y.: Cherry Valley Editions, 1976. Hardbound (issued without dustjacket), and softbound.    from Naked Lunch and The Wild Boys  h[p. 54]  lls for to be numbered, we don't believe any copies"
34,A35,1976,The Retreat Diaries,New York: City Moon,"The Retreat Diaries. With The Dream of Tibet by Allen Ginsberg. (City Moon Broadcast;  No. 3) New York: City Moon, 1976. Staplebound (no hardbound issued.  sic] in a T.p. verso.  -colored clasp envelope with a die cut window in the front, behind which is cover     15"
35,A36,1976,The Third Mind,Paris: Flammarion,"The Third Mind. With Brion Gysin. A. uvre Croisée. French translation by Gérard-Georges Lemaire and Christine Taylor. (Connections) Paris: Flammarion, 1976. Softbound.  True 1st ed.   -ups, fold-ins, tape recorder experiments, and film. Originally conceived in the Chelsea Hotel in 1964- B. The Third Mind. [1st American ed.]. New York: Viking Press, 1978. Hardbound in dustjacket (no softbound issued).  Announced for publication by Grove Press in 1970 but never released.   First published as uvre Croissé, above.  C. . London: J. Calder, 1979. Hardbound in dustjacket, and softbound. D. . New York: Seaver Books, 1982. Softbound.  1 9 7 8"
36,A37,1978,Alis Smile,Bonn: Expanded Media Editions,"Alis Smile; Naked Scientology.  A. In German and English; translated into German and edited by Carl Weissner.  1st ed. Bonn: Expanded Media Editions, 1978. Softbound (no hardbound issued).  Reprinted, 1985, 2000 (with new cover, per Shoaf 2)."
37,A38,1978,Short Novels,London: John Calder,"Short Novels. London: John Calder, 1978."
38,A39,1978,Where Naked Troubadours Shoot Snotty Baboons,"Northridge, [UK]: Lord John Press","Where Naked Troubadours Shoot Snotty Baboons. Illustrated by James R. Silke. Northridge, [UK]: Lord John Press, 1978. Broadside.  Limited to 100 numbered and 26 lettered copies, signed by Burroughs and Silke.  fragment from a forthcoming novel, Cities of the Red Night   1 9 7 9"
39,A40,1979,Ah Pook Is Here,Ah Pook Is Here,"Ah Pook Is Here, and Other Texts.  A. London: John Calder, 1979. Hardbound in dustjacket.  Contains the texts of Ah Pook Is Here, The Book of Breeething, and Electronic Revolution, above.  Ah Pook Is Here was originally planned as a picture book modelled on the surviving Mayan codices. Malcolm McNeill [sic] was to do the illustrations, anowing partly to the expense of full-color reproduction, and because the book falls into neither the category of the conventional illustrated book nor that of a comix publication, there have been difficulties with the sic] and I have decided to publish the text without the artwork, still in hopes of seeing the eventual publication of this work that has been eight Preface.   The illustrations for Ah Pook Is Here were published, without the text, in The Lost Art of Ah Pook Is Here: Images from the Graphic Novel (Seattle: Fantagraphics Books, 2012; see Section G below). B. (A Calderbook, CB 371) London: John Calder; New York: Riverrun Press, 1979. Softbound."
40,A41,1979,Blade Runner: A Movie,Berkeley,"Blade Runner: A Movie.  A. 1st ed. Berkeley, Calif.: Blue Wind Press, 1979. Hardbound in dustjacket, and softbound.  thor wishes to thank Alan E. Norse, upon whose book The Bladerunner, characters and situations in this book T.p. verso.  Unrelated to the 1982 feature film with the same title.   Hardbound ed. includes 100 numbered copies signed by Burroughs. B. 2nd ed. Berkeley, Calif.: Blue Wind Press, 1986. Softbound.  Reprinted, 1994.  16"
41,A42,1979,Doctor Benway: A ,Santa Barbara,"Doctor Benway: A [Variant] Passage from The Naked Lunch. With a new introduction by Burroughs. Santa Barbara, Calif.: Bradford Morrow, 1979. Hardbound in dustjacket, and softbound.  ... published on the 20th anniversary of the original appearance of The Naked Lunch, consists of 324 numbered copies in wrappers, 150 numbered copies signed by the author & bound in cloth & boards, & 26 lettered copies which are hors commerce [and signed by Burroughs, Patrick Reagh (the [p. 45]     The Naked Lunch , below]  the late 1950s and rediscover 1. [Prospectus]. Santa Barbara, Calif.: Bradford Morrow, 1979. Letterpress-printed card on canary cardstock."
42,A43,1979,Roosevelt After Inauguration and Other Atrocities,San Francisco: City Lights Books,"Roosevelt After Inauguration and Other Atrocities. San Francisco: City Lights Books, 1979. Softbound (no hardbound issued).  Cover and spine title: Roosevelt After Inauguration.  Includes [TOC titleby Burroughs, facsimiles of covers of the original edition (above), plus three other routines: .  2nd printing (1980) includes frontispiece photo not present in 1st printing."
43,A44,1979,Scrapbook 3,Geneva: Editions Claude Givaudan,"Scrapbook 3. [Geneva: Editions Claude Givaudan, 1979].  Limited to 30 numbered, signed copies.  manuscripts, photographs [Skyline]"
44,A45,1979,Wouldnt You Polish Pine Floors With a South African ,Paul,"Wouldnt You Polish Pine Floors With a South African ... [St. Paul, Minn.]: Bookslinger, 1979. Broadside.  Limited to 125 numbered and 26 lettered copies, signed by Burroughs.    Also issued as part of: 16 Broadsides: Walker Art Center Reading Series, 19791980 (St. Paul, Minn.: Bookslinger, 1980).  1 9 8 0"
45,A46,1980,The Soft Machine,New York: Grove Press,"The Soft Machine; Nova Express; The Wild Boys: Three Novels.  A. With an epilogue by Allen Ginsberg: an interview with William Burroughs.  1st Black Cat ed. New York: Grove Press, 1980; distributed by Random House. Softbound.  Reprinted, 1982. B. 1st Evergreen ed. New York: Grove Weidenfeld, 1988, ©1980. Softbound.  Lacks epilogue.  1 9 8 1"
46,A47,1981,Cities of the Red Night,"New York: Holt, Rinehart, and Winston","Cities of the Red Night. A. 1st ed. New York: Holt, Rinehart, and Winston, 1981. Hardbound in dustjacket.  Includes 500 numbered and 26 lettered copies, signed by Burroughs, issued without dustjacket in publishers slipcase.  T.p. verso. 17  B. London: John Calder, 1981. Hardbound in dustjacket, and softbound. C. 1st Owl Book ed. (An Owl Book) New York: H. Holt, 1982, ©1981. Softbound. D. London: Picador, 1982. Softbound. E. 2nd Owl Book ed. (An Owl Book) New York: H. Holt, 1995, ©1981. Softbound. F. 1st Picador USA ed. New York: Picador USA, 2001, g1981. Softbound (no hardbound issued)."
47,A48,1981,Early Routines,Santa Barbara,"Early Routines.    ue. A. 1st ed. Santa Barbara, Calif.: Cadmus Editions, 1981. Hardbound in tissue dustjacket, and softbound.  Limited to 125 numbered hardbound copies signed by Burroughs, with portrait by David Hockney on upper board; 26 lettered, specially bound hardbound copies signed by Burroughs and Hockney; and 349 numbered softbound copies, with photo of Burroughs by Ian Sommerville. [Skyline]  B. Trade ed. Santa Barbara, Calif.: Cadmus Editions, 1982. Hardbound, and softbound."
48,A49,1981,Essais,Paris: Christian Bourgois Editeur,"Essais. Translated and presented by Gérard-Georges Lemaire and Philippe Mikriammos. 2 vols. (Les Derniers Mots) Paris: Christian Bourgois Editeur, 19811984.   Essays by and about Burroughs.  No equivalent English-language edition."
49,A50,1981,The Streets of Chance,New York: Red Ozier Press,"The Streets of Chance. Drawings by Howard Buchwald. New York: Red Ozier Press, 1981.  Hardbound, issued without dustjacket.  Limited to 160 numbered copies signed by Burroughs and Buchwald.  Streets of Chance is a complete story found in the 1968 version [of The Soft Machine] and nowhere else.  On 30 January 1981, Mr. Burroughs oversaw revisions of the text by James Grauerholz and Steve Miller,   Colophon.  1 9 8 2"
50,A51,1982,Mummies,Kaldewey,"Mummies. With etchings by Carl Apfelschnitt. 1st ed. (Edition; Vol. 5) Düsseldorf; New York: Edition Gunnar A. Kaldewey, 1982. Hardbound with hand-made orange tissue guards inserted.  Limited to 75 copies, of which 70 are printed in black on Scheufelen paper (with etchings printed in black) and 5 are printed in gold on black Japanese paper (with etchings printed in red). All etchings are signed by the artist."
51,A52,1982,Sinkis Sauna,New York: Pequod Press,"Sinkis Sauna. Illustrated by James Kearns. A. New York: Pequod Press, 1982. Staplebound (no hardbound issued).  Limited to 500 numbered copies. B. New York: [1999?]   ... handmade paper but really just a photo[Shoaf 1]  Limited to 50 copies."
52,A53,1982,A William Burroughs Reader,Picador,"A William Burroughs Reader. Edited by John Calder. London: Pan Books/Picador, 1982. Softbound (no hardbound issued).    18  1 9 8 4"
53,A54,1984,The Burroughs File,San Francisco: City Lights Books,"The Burroughs File. San Francisco: City Lights Books, 1984. Hardbound, and softbound.  White Subway, Cobblestone Gardens, and The Retreat Diaries essays on Burroughs by Al-up scrapbooks of the mid-century: The Book of Hours, , and Dustjacket.  Hardbound ed. limited to 300 copies. [BeatBooks 42]   2nd printing, 1991. 1. [Promotional Postcard]. San Francisco: City Lights Books, [1984?] Postcard."
54,A55,1984,The Four Horsemen of the Apocalypse ,Bonn: Expanded Media Editions,"The Four Horsemen of the Apocalypse = Die vier apokalyptischen Reiter.  A. Illustrated by Christof Kohlhöfer. In English and German. 1st German ed. Bonn: Expanded Media Editions, 1984. Softbound (no hardbound issued).  Aix-en-T.p. verso.  Reprinted 1988, 1993, 1996, and 2003."
55,A56,1984,The Place of Dead Roads,"New York: Holt, Rinehart, and Winston, 1984","The Place of Dead Roads.  A. 1st ed. New York: Holt, Rinehart, and Winston, 1984, ©1983. Hardbound in dustjacket.  riginal title of this book was The Johnson FamilyPrefatory note.    Includes 300 numbered and 26 lettered copies, signed by Burroughs, issued without dustjacket in publisher's slipcase.  Tone in brown cloth full binding with bronze spine lettering, one in orange-brown cloth quarter binding with silver spine lettering. [Shoaf 1] 1. [Press Kit]. New York: Holt, Rinehart and Winston, 1984.  Full- B. (A Calderbook; CB 410) London: John Calder, 1984, ©1983. Hardbound in dustjacket, and softbound.  C. 1st Owl Book ed. (An Owl Book) New York: Holt, Rinehart, and Winston, 1985, ©1983. Softbound. D. London: Paladin, 1987. Softbound. E. London: Flamingo, 1994. Softbound.  Reprinted 2001. F. 2nd Owl Book ed. (An Owl Book) New York: H. Holt, 1995, ©1983. Softbound. G. 1st Picador USA ed. New York: Picador USA, 2001, ©1983. Softbound (no hardbound issued)."
56,A57,1984,Ruski,Brooklyn,"Ruski.  A. Brooklyn, N.Y.: Hand-Job Press, 1984. Staplebound (no hardbound issued).  Limited to 500 numbered copies, printed on cardstock. B. New York: Odd-Job Press, 1984. Staplebound (no hardbound issued).  -Job edition ...Shoaf 1]    imited to 50 [numbered] copies bound in hand-made paper Colophon.  1 9 8 5"
57,A58,1985,The Adding Machine: Collected Essays,London: John Calder,"The Adding Machine: Collected Essays.  A. . London: John Calder, 1985. Hardbound in dustjacket, and softbound.   19  B. The Adding Machine: Selected Essays. 1st American ed. New York: Seaver Books, 1986; distributed by H. Holt. Hardbound in dustjacket.  The Adding Machine: Collected EssaysT.p. verso.  Includ (above). C. . 1st Arcade paperback ed. New York: Arcade, 1993. Softbound."
58,A59,1953,Queer,Penguin,"Queer.   Written in 1953. A. New York: Viking/Penguin, 1985. Hardbound in dustjacket.  [sic] of the kind cooperation of Robert H. Jackson, and for his aid in the T.p. verso. 1. [Press Release]folded twice. B. London: Pan/Picador, 1986, ©1985. Hardbound in dustjacket, and softbound. C. New York: Penguin Books, 1987, ©1985. Softbound. D. London: Picador, 1987. Softbound. E. Edited and with an Introduction by Oliver Harris. 25th Anniversary ed. New York: Penguin Books, 2010. Softbound.   Queer is based substantiallsecond, as well as reediting and retitling the epilogue (nre-either previously unused or unavailableroughly five hundred words in the notes and just over a Introduction.  1 9 8 6"
59,A60,1986,The Cat Inside,New York: Grenfell Press,"The Cat Inside. Drawings by Brion Gysin. A. New York: Grenfell Press, 1986. Hardbound.  Limited to 133 numbered copies, all signed by Burroughs and Gysin: 1115 bound in quarter vellum with red and black hand-painted paper over boards; ixviii bound in full vellum with a Gysin drawing stamped in gold on the front cover, in quarter vellum clamshell box. B. New York: Viking Penguin, 1992. Hardbound (issued without dustjacket).  The Cat Inside, in different form, was published in a limited edition of 133 copies by The Grenfell Press in 1986, with eight illustrations by Brion Gysin, including those that appear on the cover, title page, and endpapers of this edition.T.p. verso. C. New York: Penguin Books, 2002, ©1992. Softbound.  1 9 8 7"
60,A61,1987,From The Western Lands,Santa Fe,"From The Western Lands. Santa Fe, N.M.: Casa Sin Nombre, 1987. Broadside.  Limited to 750 copies."
61,A62,1987,The Western Lands,Penguin,"The Western Lands. A. New York: Viking/Penguin, 1987. Hardbound in dustjacket. B. New York: Penguin Books, 1988, ©1987. Softbound. C. London: Pan/Picador, 1988. Hardbound in dustjacket, and softbound.    20  1 9 8 9"
62,A63,1989,Clause 27 Is Proposition 6 Is the Whole Tamale,The Horse Press,"Clause 27 Is Proposition 6 Is the Whole Tamale. [N.p.]: The Horse Press, [1989?]. Pamphlet.   Issued with two different cover colors, green and blue.   -gay Proposition 6 in the U.S., reprinted here in an abridged form in response to homophobic Clause 27 (which later became Clause 28)[BeatBooks 51]"
63,A64,1989,Interzone,"tion of previously unpublished short stories, routines, letters, and notebook entries","Interzone. Edited by James Grauerholz.  tion of previously unpublished short stories, routines, letters, and notebook entries, dating from the mid-50s, rediscover  Naked Lunch.Dustjacket.  Naked LunchDustjacket. A. New York: Viking Penguin, 1989. Hardbound in dustjacket.  B. London: Picador, 1989. Hardbound in dustjacket. C. New York: Penguin Books, 1990. Softbound."
64,A65,1989,Tornado Alley,Cherry Valley,"Tornado Alley. Illustrations by S. Clay Wilson. 1st ed. Cherry Valley, N.Y.: Cherry Valley Editions, 1989. Hardbound (issued without dustjacket), and softbound.  Hardbound edition limited to 400 copies, of which 90 are signed by Burroughs and 10 are signed by Burroughs and Wilson. 1. [Promotional Postcard] a. Berkeley, Calif.: Small Press Distribution, [1989?]. Illustrated postcard.  Features one of the illustrations in the volume, by S. Clay Wilson. b. Sudbury, Mass.: Water Row Books [distributor, 1989?]. Illustrated postcard on cream cardstock.  Features one of the illustrations in the volume, by S. Clay Wilson.   1 9 9 1"
65,A66,1991,Ghost of Chance,New York: Library Fellows of the Whitney Museum of American Art,"Ghost of Chance. [Edited by James Grauerholz.] Illustrated by George Condo. A. New York: Library Fellows of the Whitney Museum of American Art, 1991. Hardbound; handbound (issued without dustjacket in slipcase).  Limited to 160 copies printed at the Grenfell Press, signed by Burroughs and Condo.   1. [Prospectus]. New York: Whitney Museum of American Art, 1991. Pamphlet.  Features one of the illustrations in the volume, by George Condo.  B. New York: Serpents Tail/High Risk Books, 1995. Hardbound, issued without dustjacket.  ney Museum of American T.p. verso.  Includes 125 numbered copies signed by Burroughs, issued in publishers slipcase with pullout ribbon. 1. [Promotional Poster]. [New York]: High Risk Books, [1995?] Poster.  C.   1 9 9 2"
66,A67,1992,Painting ,Madras,"Painting & Guns. (Hanuman Books; 46) Madras, India; New York: Hanuman Books, 1992. Softbound in dustjacket (no hardbound issued).    Includes Francesco Clemente, excerpts from which were originally published in a different form in the exhibition -man show, 19 December24 January 1988, at the Tony Shafrazi Gallery (see Section B below); an interview with Burroughs by Foye, originally published in a slightly different form in Grand Street, Vol. 10, No. 1 (1991). [See Section C below]   21  1 9 9 3"
67,A68,1978,Le Temps des Assassins,Collection du Starscrewer,"Le Temps des Assassins. (Collection du Starscrewer, 3) Berguette, France: Station Underground Softbound (no hardbound issued).  Originally published in The Starscrewer, No. 7 (1978) and No. 12 (1979).  French translation by Lucien Suel of Time of the Assassins, originally published in Crawdaddy in 1977 and 1978. (See Section C, below)    No equivalent English-language edition.  1 9 9 4"
68,A69,1994,Photos,Photos,"Photos, and Remembering Jack Kerouac. 1st ed. (Heaven Chapbook Series; No. 46) Louisville, Ky.: White Fields Press, [1994]. Staplebound (no hardbound issued).  Limited to 250 copies, including 49 numbered and 26 lettered copies signed by Burroughs.    broadside titled Remembering Jack Kerouac, below."
69,A70,1994,Remembering Jack Kerouac,Louisville,"Remembering Jack Kerouac. (Heaven Poster Series; No. 10) [Louisville, Ky.]: White Fields Press, [1994]. Broadside.   Limited to 500 copies signed by Burroughs, 49 of which are numbered and 26 of which are lettered."
70,A71,1994,Rien Que Des Mots,Rien Que Des Mots,"Rien Que Des Mots, Ce Qui En Sort Rugit Sur Cette Page. Translated into French by Mary Beach and Claude Pélieu. Caen, France: Cahiers de Nuit, 1994. Softbound.  No equivalent English-language edition.  1 9 9 5"
71,A72,1995,Junky,New York: Quality Paperbook Book Club,"Junky; Queer; Naked Lunch. New York: Quality Paperbook Book Club, 1995. Softbound."
72,A73,1995,My Education: A Book of Dreams,Penguin,"My Education: A Book of Dreams.  A. New York: Viking/Penguin, 1995. Hardbound in dustjacket, and softbound.  cover Dustjacket. B. 1st British ed. [London]: Picador, [1995]. Hardbound in dustjacket, and softbound. C. New York: Penguin Books, 1996, ©1995. Softbound (no hardbound issued)."
73,A74,1995,Pantopon Rose,Charleston,"Pantopon Rose. Charleston, W.Va.: Parchment Gallery Graphics, Department of Humanities, the University of Charleston, 1995. Broadside.  Silkscreen print (from the authors handwriting) and colophon page enclosed in a printed folder, which is, in turn, enclosed in a printed envelope.  Limited to 60 numbered copies signed by Burroughs.  The Naked Lunch     1 9 9 8"
74,A75,1998,A Spiritual Exercise,Lawrence,"A Spiritual Exercise. [Lawrence, Kansas?]: Kavyayantra Press, 1998. Broadside.  Limited to 200 copies.   22"
75,A76,1998,Word Virus: The William S,Edited by James Grauerholz and Ira Silverberg,"Word Virus: The William S. Burroughs Reader. Edited by James Grauerholz and Ira Silverberg, with an Introduction by Ann Douglas. A. 1st ed. New York: Grove Press, 1998. Hardbound in dustjacket, issued with compact disc bound in rear.  Kerouac, And the Hippos Were Boiled in Their Tanks, below.  Compact disc: Selections from The Best of William Burroughs from Giorno Poetry Systems (also issued separately; see Section E below).  B. (Modern Classic) London: Flamingo, 1999. Softbound. C. 1st paperback ed. New York: Grove Press, 2000, ©1998. Softbound.  1 9 9 9"
76,A77,1999,In Search of Yage: A William S,Forest Knolls,"In Search of Yage: A William S. Burroughs Pictorial. Forest Knolls, Calif.: Skyline Books, 1999. Softbound; handbound (no hardbound issued).  unknColophon.  26 lettered copies. The photographs were reproduced from the original negatives and Colophon.  2 0 0 1"
77,A78,2001,Parler pour Joe,"Rouen, France: Derrière la Salle de Bains","Parler pour Joe. Rouen, France: Derrière la Salle de Bains, 2001. Staplebound.  Originally published in Univers, No. 10 (1977).  published in Transatlantic Review,  No. 60 (June 1977); see Section C below).  No equivalent English-language edition."
78,A79,2001,Words of Advice for Young People,FreeThought Flyer,"Words of Advice for Young People. (FreeThought Flyer, No. 16) [Encinitas, Calif.]: FreeThought Publications, 2001. Staplebound.  cover photo of Burroughs by Michael Montfort.   Limited to 250 numbered and 26 lettered copies signed by the photographer.    2 0 0 8"
79,A80,2008,Everything Lost: The Latin American Notebook of William S,General editors,"Everything Lost: The Latin American Notebook of William S. Burroughs. General editors, Geoffrey D. Smith and John M. Bennett; volume editor, Oliver Harris. Columbus, Ohio: The Ohio State University Press, 2008. Hardbound (issued without dustjacket).  written by William Burroughs in Latin America during July and August 1953 Introduction."
80,A81,2008,And the Hippos Were Boiled in Their Tanks,New York: Grove Press,"And the Hippos Were Boiled in Their Tanks. With Jack Kerouac. 1st ed. New York: Grove Press, 2008. Hardbound in dustjacket.  murder of, David Kammerer.  p. [1].    23  2 0 1 5"
81,A82,2015,The Travel Agency Is on Fire,Colan,"The Travel Agency Is on Fire. Alex Wermer-Colan, ed. (Lost and Found: The CUNY Poetics Document Initiative; Ser. 5, No. 2) New York: The Center for the Humanities, The Graduate Center, The City University of New York, 2015. Staplebound.  -erican T.p. verso. 1. [Promotional Postcard]. [New York: The Center for the Humanities, The Graduate Center, The City University of New York, 2015.]   ron James Bignell.)  24  B. ART BOOKS, EXHIBITION CATALOGUES,  AND RELATED ITEMS    1 9 6 4"
